id;nome;data_nascimento;identificador;data_cadastro;telefone
1;worth;without;however obnoxiously for;2024-09-03T09:09:01;digitise
2;unexpectedly anticipate where;stables;feline until;2024-09-03T17:26:04;ack before back
3;revascularization;roster muck gadzooks;zowie for;2024-09-03T23:29:46;oof fleck remorseful
4;delirious;far dearly;anxiously too;2024-09-03T15:08:04;incidentally ick
5;at;bran perfect;paper freely;2024-09-04T00:42:45;minus woot kaleidoscopic
6;embellished;subedit indeed;passionate;2024-09-03T16:59:32;pull
7;whose;queasily provided;outside robin slippery;2024-09-03T15:43:42;even
8;even roughly;dearest;gosh thankfully yahoo;2024-09-04T01:26:01;overclocking
9;fishery by;shock;next oof;2024-09-03T11:20:15;offensively
10;lopsided;restfully;windy;2024-09-03T07:55:08;terrific
