id;nome;identificador;telefone;data_cadastro
1;yet pony searchingly;physically;now;2024-09-03T10:27:55
2;woot;pricey;daintily waste elegantly;2024-09-03T03:26:04
3;exactly jealously institutionalize;mug beautiful;nor farm gee;2024-09-03T06:29:17
4;duh why through;strictly;trifling;2024-09-03T15:12:34
5;striped;monthly round;which as;2024-09-03T20:27:32
6;sticky rosy;worriedly morphology;pelican muss soon;2024-09-03T18:23:22
7;chalet wisely;wit;frightening;2024-09-03T09:37:54
8;abnormally;fell snuck through;hourly tremendously;2024-09-03T23:11:54
9;yet shuttle;outlandish;palm;2024-09-03T12:08:30
10;snore zowie;because charming;force;2024-09-03T09:01:14
