id;name;content;content_content_type;content_type;description
1;glockenspiel head;../fake-data/blob/hipster.png;image/png;behind kindness loquat;whereas
2;kvetch potentially;../fake-data/blob/hipster.png;image/png;ha silver hard;turbulent communicate
3;or;../fake-data/blob/hipster.png;image/png;since rebrand;warren always
4;versus even;../fake-data/blob/hipster.png;image/png;foster;far oddly discrete
5;and with knottily;../fake-data/blob/hipster.png;image/png;round;oof pish
6;wary bah slobber;../fake-data/blob/hipster.png;image/png;interchange;joshingly cone times
7;uh-huh;../fake-data/blob/hipster.png;image/png;creche;yum
8;brr;../fake-data/blob/hipster.png;image/png;ah;yahoo
9;opposite gee;../fake-data/blob/hipster.png;image/png;suffice cheek;clack eventually
10;grammar deceivingly;../fake-data/blob/hipster.png;image/png;hmph;tense display high
